{"cameraMode":{"drawMode":0,"name":"Shaded","section":"Shading Mode"},"sceneLighting":true,"audioPlay":false,"sceneViewState":{"showFog":false,"showMaterialUpdate":false,"showSkybox":false,"showFlares":false,"showImageEffects":false,"showParticleSystems":false,"showVisualEffectGraphs":true,"m_FxEnabled":true},"in2DMode":false,"pivot":{"x":4.435113906860352,"y":0.3491535186767578,"z":-108.00202941894531},"rotation":{"x":-0.3143211603164673,"y":-0.019366923719644548,"z":0.0064138807356357578,"w":-0.9491002559661865},"size":10.521084785461426,"orthographic":false}